supplier_id;company_id;supplier_name;supplier_phone;supplier_address;data_state;created_id;updated_id
1;1;3BSM;8562824737;BALONG, PASAR GEDE, SOLO;0;55;55
2;1;API SOLO;(0271)7791764;JL. INDRONOT NO.14, NGABEYAN,KARTASURA, SUKOHARJO;0;55;55
3;1;ASSALAM HYPERMARKET;89503932708;;0;55;55
4;1;BARMBANG BANG GONAR;;;0;55;55
5;1;BERAS JUWANDI;85700144406;NGAWOK, BAKI, SUKOHARJO;0;55;55
6;1;BINTANG JAYA PRADANA;;;0;55;55
7;1;BOLO DW AQUA(BADRAN);81226879563;JL MAWARNO.27 RT05 RW09, BADRAN, PURWOSARI, SURAKARTA;0;55;55
8;1;BU YUNI ONDE ONDE;89898996552;;0;55;55
9;1;CIK RATNA JAJAN PASAR;;;0;55;55
10;1;CV KARYA MANDIRI;85879255956;SEKIP, KADIPIRO;0;55;55
11;1;CV MITRA MULIA;83866419482;WIROGUNAN, NGABEYAN, KARTASURA, SUKOHARJO;0;55;55
12;1;CV MUTIARA;(0274)618653;JL. SORANGAN 100 D BANTUL YOGYA 55182, INDONESIA;0;55;55
13;1;CV. BENGAWAN;;;0;55;55
14;1;CV. BERKAT SEMANGAT MANDIRI;81288237717;;0;55;55
15;1;CV. CAKRA NUSANTARA;(0271)5722469;JL. RAYA SOLO-BAKI KM.8, GEDANGAN, SUKOHARJO;0;55;55
16;1;CV. KAPAS ASIA PRIMA;;SEMERU UTARA 4 BIBIS WETAN SOLO;0;55;55
17;1;CV. MITRA NIAGA MANDIRI;85647542555;TEGALMUYO RT004 RW 003 GAJAHAN, COLOMADU, KARANGANYAR;0;55;55
18;1;CV. TRIO SUKSES MANDIRI;(0271)7685353;DK INDRONATAN NGEBEYAN;0;55;55
19;1;D KRISPY;8156724761;GUMPANG, MAKAM HAJI, KARTASURA, SUKOHARJO;0;55;55
20;1;INSTALASI FARMASI RSKI;;;0;55;55
21;1;JAMU( BU WITIK/KONSY);;BOYOLALI;0;55;55
22;1;JAVA SNACK;85867273103;BADRANBARU, PAPAHAN, KARANGANYAR;0;55;55
23;1;JOKO NISSIN;81548786701;SOLO;0;55;55
24;1;KACANG SANGAN SEDULUR;81326844088;JL. DR SUTOMO,GAYAM,SUKOHARJO;0;55;55
25;1;KANTOR POS(TUNAI);;SOLO PURWOSARI;0;55;55
26;1;KINDO;(0271)7464591;SOLO;0;55;55
27;1;KOPKAR CELL;85105057999;SOLO;0;55;55
28;1;LILIK BURGER;(0271)710618; LAWEYAN;0;55;55
29;1;LOTTEMART;;;0;55;55
30;1;MADU NUSANTARA;(0271)651874;JL.  SULTAN SYAHRIL NO. 18, SOLO;0;55;55
31;1;MAPAN MANDIRI;87835014664;KARANGASEM RT.1/2 LAWEYAN, SOLO;0;55;55
32;1;MB TIAS MARTABAK;;;0;55;55
33;1;MBAK TUTUK RAMBAK;;JL. FLAMBOYAN, PURWOSARI, SOLO;0;55;55
34;1;MILAGROS;;;0;55;55
35;1;MITRA ABADI;85642301121;SOLO;0;55;55
36;1;NGEBONG FARM;;DELANGGU;0;55;55
37;1;NURHIDAYATI(KACANG BAWANG);82323446445;BEKONANG, SUKOHARJO;0;55;55
38;1;PAK YANTO BUAH;85229551991;JL. TRANSITO SOLO;0;55;55
39;1;PINUS MERAH;89602683383;JL. SLAMET RIYADI NO 133A, KARTASURA, SOKOHARJO;0;55;55
40;1;POMO KACANG OVEN;;;0;55;55
41;1;PRODUK HNI;;;0;55;55
42;1;PT ANTAR MITRA SEMBADA;(0271)7852501;JL. INDRONOTO NO.18, RT.02/ RW. 03, WIROGUNAN, KARTASURA;0;55;55
43;1;PT APL;(0271)827616;JL.BRIGIF 6 NO. KC-9 RT.01.RW 01, PALUR, MOJOLABAN,SUOHARJO;0;55;55
44;1;PT ARTA BOGA CEMERLANG;(0271)744111;MAKAM HAJI, KARTASURA;0;55;55
45;1;PT BAHAGIA SUMBER ABADI;(0271)669926;JL.DK. KEMIRI RT.01 RW. XIV, KEMIRI,KEBAKKRAMAT, KARANGANYAR;0;55;55
46;1;PT CAMPINA ICE CREAM;(0271)7891898;JL. TENTARA PELAJAR 07, KARANGANYAR;0;55;55
47;1;PT COCA COLA;85740009414;SOLO;0;55;55
48;1;PT DBM;;;0;55;55
49;1;PT ENSEVAL;(0271)780880;JL. AMARTA RAYA NO.8, NGABEYAN, KARTASURA SOLO;0;55;55
50;1;PT K33 DISTRIBUSI;81328989900;JL. AHMAD YANI NO.308 PABELAN, KARTOSURO;0;55;55
51;1;PT MARGA NUSANTARA;85647240694;JL. SOLO BARU - BAKI, KUDU, BAKI;0;55;55
52;1;PT SEMAR PELITA SEJATI;;;0;55;55
53;1;PT SINAR KASIH LESTARI;;JETAK RT003 RW003 WONOREJO,GONDANGREJO, KARANGANYAR;0;55;55
54;1;PT SINAR SOSRO;(0271)781354;SUKOHARJO;0;55;55
55;1;PT SINARMAS;;JL.RAYA PALUR DAGEN TASIKMADU NO.99 BURAN,TASIKMADU;0;55;55
56;1;PT SNS;(0271)857626;JL. SOLO - PURWODADI KM.5.5;0;55;55
57;1;PT STTC COFEEMIX;82242389495;SOLO;0;55;55
58;1;PT SUPRALITA MANDIRI;89689105933;SOLO;0;55;55
59;1;PT TEMPO;(0274)4542800;JL. RADEN RONGGO KM.1.2 NGAJEG RT 01 RW 25 TIRTOMATANI, SLEMAN;0;55;55
60;1;PT TIGA MUTIARA PRIMA;(0271)856064;JL. SERUT RT 04/XII MOJOSONGO, SOLO;0;55;55
61;1;PT TRIDAYA SUMBER REJEKI;(0271)623950;JL. SOLO SUKOHARJO KM 8;0;55;55
62;1;PT TUMBAKMAS NIAGA S;;JL. LETJEN S.PARMAN NO32-34 KEMANGGISAN,PALMERAH, JAKARTA;0;55;55
63;1;PT ULTRA JAYA;(0271)7687237;JL. A. YANI 158 KARTASURA SOLO;0;55;55
64;1;PT UNIRAMA DUTA;81226847447;JL. INDRONOTO NO 7B, AREA SAWAH, NGABEYAN, KARTASURA, SUKOHARJO;0;55;55
65;1;PT WICAKSANA OVERSEAS;;JL.ANCOL BARAT VII BLK A5D,NO.2 ANCOL-PEJARINGAN, JAKARTA;0;55;55
66;1;PT YAKULT;(0271)780910;JL. JEND. AHMAD YANI NO. 178 KARTASURA, SUKOHARJO;0;55;55
67;1;PT. AMS(PAPAYA);;;0;55;55
68;1;PT. ANEKA USAHA;87736748447;;0;55;55
69;1;PT. ANUGRAH ARGON MEDICA;(0271)7686101;JL.AMARTA NO 20 RT/RW 02/03, MANGKUYUDAN, NGABEYAN, KARTASURA;0;55;55
70;1;PT. BAHAGIA IDKHO MANDIRI;2159371760;JL.RAYA MAUK KM 7 KARET III NO.1 SEPATAN, TANGERANG;0;55;55
71;1;PT. BERHASIL;(0271)2081840;MUNDU RT004 RW 007 SELOKATON GONDANGREJO;0;55;55
72;1;PT. BINTANG SIDORAYA(TUNAI);(0271)782600;JL.DIPONEGORO NO.126 KERTONATAN, KARTASURA, SUKOHARJO;0;55;55
73;1;PT. BORWITA CITRA PRIMA;81130581777;JL. RAYA TAMAN 48A-TAMAN, SIDOARJO;0;55;55
74;1;PT. CIPTA NIAGA SEMESTA;(0271)623950;SUKOHARJO;0;55;55
75;1;PT. CITRA PANGAN INDAH (KHONGGUAN);81397804325;JL.H.M. ASYARI NO 35 RT01 RW01, BOGOR;0;55;55
76;1;PT. DISTRIVERSA BUANAMAS;(0271)7892025;JL SLAMET RIYADI II NO 423 MAKAMHAJI, SUKOHARJO;0;55;55
77;1;PT. FASTRATA BUANA;8001328262;JL. ADI SUMARMO N0. 271-278 BANYUANYAR, BANJARSARI,SURAKARTA;0;55;55
78;1;PT. GEMILANG BERKAT UTAMA;8177861036;JL. SUMPAH PEMUDA NO 55 RT 4 RW 16;0;55;55
79;1;PT. GODREJ DISTRIBUTION INDONESIA;;JL.PRAMBANAN-PIVUNDAN KM2.5 GUMUK RT04 RW 27;0;55;55
80;1;PT. INDOGLOBAL DISTRIBUSI NUSA;(0271)8591309;JETAK RT003 RW003 WONOREJO,GONDANGREJO, KARANGANYAR;0;55;55
81;1;PT. KALBE FARMA;;;0;55;55
82;1;PT. LAMCOS ABADI JAYA;(0271)6881235;JL. MAHABARATA SELATAN RT04 RW07 NGRINGO, JATEN, KARANGANYAR;0;55;55
83;1;PT. LESTARI ALAM;246921051;JL KARIMUNJAWA RT09 RW 03, GEDANGANAK, SEMARANG;0;55;55
84;1;PT. MANOHARA;;JL. DPU DUKUH JOGAHAN DESA TRANGSARI;0;55;55
85;1;PT. OTSUKA DISTRIBUTION INDONE;81337770205;JL. TENTARA PELAJAR NO.56, JETAK,BOLON, COLOMADU;0;55;55
86;1;PT. PARAMA GLOBAL INSPIRA;22158902939;JLN. CILEDUG RAYA NO.10, ULUJAMI,PESANGRAHAN, JAKARTA SELATAN;0;55;55
87;1;PT. PENTA VALENT;(0271)7851690;JL. TENTARA PELAJAR, NO 95 TANJUNGSARI RT04/03, NGEMPLAK, BOYOLALI;0;55;55
88;1;PT. PRIMA MEDITAMA;;;0;55;55
89;1;PT. RESPATI BINTANG HUTAMA ;(0271)7462414;JL. PARANGKESITNO 18 CEMANI SUKOHARJO;0;55;55
90;1;PT. SINAR POETRA PERKASA;(0271)781659;DS. KERINGAN INDAH, KARANGDUREN, SAWIT, BOYOLALI, JAWA TENGAH;0;55;55
91;1;PT. SURYAMAS PRIMA LESTARI;81218129855;JL BANGSAN UTAMA NO 5, NGASEM, COLOMADU, KARANGANYAR;0;55;55
92;1;PT. TIRTA INVESTAMA( TUNAI);12950;CYBER 2 TOWER LT.10,11,12 JL. HR. RASUNA SAID BLOK X-5 NO.13, JAKARTA;0;55;55
93;1;PT. VICTORIA CARE INDONESIA;85728041043;JL. PURI LINGKAR DALAM, KEMBANG SELATAN, JAKARTA BARAT;0;55;55
94;1;PT. ZESTOMORY;;;0;55;55
95;1;RAJAWALI SNACK;82137572058;;0;55;55
96;1;RENGGINAN NGREJEKENI;87736220080;PALUR, KARANGANYAR;0;55;55
97;1;ROTI MISS;;;0;55;55
98;1;SATELIT99 MESIN TRONIK;;;0;55;55
99;1;SMILEY PUDDING;83865567888;JL. MUH YAMIN NO.11, NOTOSUMAN SOLO;0;55;55
100;1;SOTTERIA DISTRIBUTOR(NABATI);;;0;55;55
101;1;SUSU SEGAR MIXUA;;BADRANBARU, PAPAHAN, KARANGANYAR;0;55;55
102;1;THE WANGI DANDANG;285391438;JL.URIP SUMOHARJO NO.74 SAMBONG- BATANG;0;55;55
103;1;TIMUR PUTERA MANDIRI;;;0;55;55
104;1;TK INDOMART;;;0;55;55
105;1;TK LARIS;;KARTASURA;0;55;55
106;1;TK PRIMADONA;;JL. GAJAH MADA, SOLO;0;55;55
107;1;TK. AL IKHLAS;;;0;55;55
108;1;TK. ANUGERAH JAYA (TUNAI);89609761777;JL.DR RAJIMAN NO.637,PAJANG,LAWEYAN, SOLO;0;55;55
109;1;TK. BUDI TIKAR;88216382535;;0;55;55
110;1;TK. FAMOUS;;LOMPO BATANG UTARA 11/12RT.02 RW.20 MOJOSONGO, SURAKARTA;0;55;55
111;1;TK. JAYA ABADI;85865397475;JL. JEND.URIP SUMOHARJO NO.61, KEPATIHAN, JEBRES, SURAKARTA;0;55;55
112;1;TK. LUMINTU(TUNAI);;NGEDANGAN, COLOMADU;0;55;55
113;1;TK. MAKIN JAYA;;COYUDAN, SOLO;0;55;55
114;1;TK. NANA(TUNAI);;COYUDAN, SOLO;0;55;55
115;1;TKO LUWES GROUP;;JL. SLAMET RIYADI, SURAKARTA;0;55;55
116;1;TOKO BATARI;;;0;55;55
117;1;TOKO JAYA KASIH;87733691119;SOLO;0;55;55
118;1;TOKO MOMO;(0271)715385;NILA GRAHA 44 GONILAN KARTASURA;0;55;55
119;1;TOKO TIRTA;57046;PURWODININGRATAN, SOLO;0;55;55
120;1;TOKO TIRTA HUSADA KONSY;85103011670;SOLO;0;55;55
121;1;TOKO UNGU;;SOLO;0;55;55
122;1;TONG TJI;81228447070;SOLO;0;55;55
123;1;TRI MURNI MARNING;;KARANGANYAR;0;55;55
124;1;UD BUDIMAS;82260857590;JL. GN. SLAMET IV, MOJOSONGO, SURAKARTA;0;55;55
125;1;UD CENDANA ARUM;2717650287;GENTAN, SUKOHARJO ;0;55;55
126;1;UD HERMANTO;85747023318;SOLO;0;55;55
127;1;UD MODERN;87736312654;JL.BROMO RAYA RT02/XVII WONOREJO, GONDANGREJO;0;55;55
128;1;UD REJEKI GANDA;85728273468;JL. MANGESTI RAYA;0;55;55
129;1;USAHA BARU(AQUA);85713023680;PENI RT21/8 KUWIRAN, BANYUDONO,BOYOLALI;0;55;55
130;1;WAHANA RAYA;85830564309;JL. KANA NO.5 RT02/ RW 09 GROGOL SUKOHARJO, ;0;55;55
131;1;WARUNG KITA;;;0;55;55
132;1;WISESA JAYA;2717653609;KODAN RT07/5 TOHUDAN,COLOMADU;0;55;55
