item_category_id;company_id;item_category_code;item_category_name;updated_id;created_id
1;1;ACCESORIS;ACCESORIS;55;55
2;1;ALAT TULIS;ALAT TULIS;55;55
3;1;BAHAN PEMBERSIH;BAHAN PEMBERSIH;55;55
4;1;BISKUIT;BISKUIT;55;55
5;1;ICE CREAM;ICE CREAM;55;55
6;1;KEBUTUHAN MASAK;KEBUTUHAN MASAK;55;55
7;1;KEPERLUAN MANDI;KEPERLUAN MANDI;55;55
8;1;KEPERLUAN MASAK;KEPERLUAN MASAK;55;55
9;1;KOSMETIK;KOSMETIK;55;55
10;1;LAIN - LAIN;LAIN - LAIN;55;55
11;1;MAINAN;MAINAN;55;55
12;1;MAKANAN;MAKANAN;55;55
13;1;MAKANAN BAYI;MAKANAN BAYI;55;55
14;1;MINUMAN;MINUMAN;55;55
15;1;MINUMAN SACHET;MINUMAN SACHET;55;55
16;1;OBAT;OBAT;55;55
17;1;PAKAIAN;PAKAIAN;55;55
18;1;PERLENGKAPAN BAYI;PERLENGKAPAN BAYI;55;55
19;1;PERLENGKAPAN MANDI;PERLENGKAPAN MANDI;55;55
20;1;PERMEN;PERMEN;55;55
21;1;ROTI;ROTI;55;55
22;1;SANDAL;SANDAL;55;55
23;1;SEMBAKO;SEMBAKO;55;55
24;1;SNACK;SNACK;55;55
25;1;SUSU;SUSU;55;55
26;1;TISU KAPAS;TISU KAPAS;55;55
